title,author
云彩收集者手册,[英] 加文·普雷特-平尼
枪炮、病菌与钢铁,谢延光
肠子的小心思,【德】朱莉娅·恩德斯
哥德尔、艾舍尔、巴赫,严勇
人类简史,[以] 尤瓦尔·赫拉利
哲学·科学·常识,陈嘉映
七堂极简物理课,[意] 卡洛·罗韦利
纸上动物园,[英] 夏洛特·斯莱
地理学与生活,[美] 阿瑟·格蒂斯
人类的明天,[法] 席里尔·迪翁
尼安德特人,[瑞典] 斯万特·帕博（Svante Pääbo）
极简宇宙史,童文煦
生命3.0,[美] 迈克斯·泰格马克
上帝掷骰子吗?,曹天元
时间的形状,汪洁
打开一颗心,[英] 斯蒂芬·韦斯塔比
万物简史,严维明
癌症·真相,菠萝
超越时空,刘玉玺
当下的启蒙,[美] 史迪芬·平克
通识,日本实业出版社
我是个怪圈,[美]侯世达
规模,杰弗里·韦斯特 (Geoffrey West)
睡眠革命,[英] 尼克·利特尔黑尔斯
血疫,[美] 理查德·普雷斯顿
美的进化,[美]理查德·O.普鲁姆（Richard O. Prum）
迷人的材料,【英】马克·米奥多尼克
直觉泵和其他思考工具,丹尼尔•丹尼特 ( Daniel C. Dennett)
薛兆丰经济学讲义,薛兆丰
只有医生知道!,只有医生知道
生命是什么,王立铭
尸体变化图鉴,陈禄仕
数学之美 （第二版）,吴军
现实不似你所见,博集天卷
吃货的生物学修养,原点阅读系列丛书
病者生存,[美]沙龙·莫勒姆（Sharon Moalem）
生命的运作方式,[美] 马伦·霍格兰（Mahlon Hoagland)
最好的告别,湛庐文化
什么是数学,[美] R·柯朗 H·罗宾 著
生命是什么,[以色列]埃迪·普罗斯
万万没想到,万维钢
人类愚蠢辞典,[意大利] 皮耶尔乔治·奥迪弗雷迪
心理学与生活,王垒
果壳中的宇宙,吴忠超
智能时代,吴军
那些古怪又让人忧心的问题,未读
海错图笔记,张辰亮
十分钟智商运动,李永乐
复杂,唐璐
生命是什么,[奥]埃尔温·薛定谔
极简科学起源课,[意] 卡洛•罗韦利
创造自然,[德] 安德烈娅·武尔夫
美国科学·生命科学·一年级,[美] 蒂莫西·库尼 等著
社会心理学,张智勇
简单的逻辑学,赵明燕
数学之美,Just-pub
皮肤的秘密,[德]耶尔•阿德勒 (Yael Adler)
对伪心理学说不,窦东徽
裸眼观星,[美]鲍勃•金
时间简史,史蒂芬·霍金
上帝掷骰子吗？,曹天元
宇宙奥德赛：漫步太阳系,王爽
茶杯里的风暴,【英】海伦•切尔斯基
牛奶可乐经济学,湛庐文化
20世纪简史,[澳]杰弗里·布莱内
看不见的森林,熊姣
那些古怪又让人忧心的问题,未读
植物知道生命的答案,丹尼尔·查莫维茨
别闹了，费曼先生,吴程远
AI·未来,李开复
生命的跃升,张博然
文明之光（第一册）,Just-pub
昆虫记,王光
国家地理终极观星指南,Howard Schneider
浪潮之巅,Just-pub
万物漫游指南（套装2册）,局部气候
海洋中的爱与性,[美] 玛拉·J. 哈尔特
编码,博文视点
隐藏的现实,李剑龙
万物：创世,后浪
费马大定理,薛密
火焰中的秘密,[德]延斯 ·森特根
博物馆里的极简中国史,张经纬
宇宙的琴弦,李泳
性健康（第3版）,[英] 凯万·怀利 编著
无论如何都想告诉你的时间杂学,[日] 久我胜利
我的世界观,[美] 阿尔伯特•爱因斯坦
十亿美元分子,[美] 巴里•沃思
宇宙,[美]卡尔·萨根(Carl Sagan)
消失的微生物,［美］马丁•布莱泽
改变心理学的40项研究,白学军
大设计,吴忠超
所罗门王的指环,康拉德•洛伦茨
身体从未忘记,Bessel van der Kolk M.D. (范德考克)
纽约：一座超级城市是如何运转的,[美] 凯特·阿歇尔
地球之美,[法] 帕特里克·德韦弗  文
鱼什么都知道,[美] 乔纳森·巴尔科姆
我们为什么会生病,[美] 伦道夫·M·尼斯
艺术的故事,范景中
佛祖都说了些什么?,林欣浩
万物解释者,未读
大灭绝时代,叶盛
医生最想让你读的书,杰尔姆·格罗普曼
信息简史,高博
我们为什么生病,[美] R.M.尼斯
癌症·新知：科学终结恐慌,李治中（菠萝）
码书,后浪
天气预报：一部科学探险史,[英]彼得•穆尔
脑与意识,斯坦尼斯拉斯•迪昂 (Stanislas Dehaene)
宇宙的尺度,[美]大卫·布拉特纳（David Blatner）
寂静的春天,吕瑞兰
心外传奇,李清晨
自私的基因,卢允中
What If?,Randall Munroe
认识身体,[英] 加文•弗朗西斯
星际穿越,湛庐文化
Why We Sleep,Matthew Walker PhD
这才是心理学,基思·斯坦诺维奇 (Keith E.Stanovich)
复杂,梅拉妮•米歇尔 (Melanie Mitchell)
如何制作一个哥哥,[法] 安纳斯·芙吉拉 编绘
经济学通识课,[英] 尼尔·基什特尼
一个观点，不一定对,黄章晋
平行宇宙,伍义生
巫师、外星人和星舰,[美] 查尔斯·阿德勒
星空的琴弦,汪洁
神经的逻辑,[美]埃利泽·斯滕伯格
第三种黑猩猩,王道还
物理世界奇遇记,（美）伽莫夫
会动的相对论,[加] 斯蒂芬·杜兰德
证券公司图鉴,[日] 青山邦彦
第五次开始,[美]罗伯特·L.凯利
语言本能,欧阳明亮
上帝掷骰子吗,曹天元
所罗门王的指环,游复熙
外星生命简史,（美）罗恩·米勒  Ron Miller
平面国,艾勃特
见识丛书25：自私的基因（40周年增订版）,[英]理查德·道金斯
大众天文学(上下两册),理想国
迷人的技术,[美]凯莉•魏纳史密斯
万物运转的秘密,大卫·麦考利 (David Macaulay)
控制论与科学方法论,金观涛
大自然的社交网络,[德]彼得·渥雷本
一本不正经的大脑,[美] 阿特·马克曼
上瘾五百年,薛绚
醉酒的植物学家,[美] 艾米·斯图尔特
中国古代文化常识（插图修订第4版）,王力 主编
发现的乐趣,未读
这才是心理学（第9版）,基思·斯坦诺维奇 (Keith E.Stanovich)
数学,[英] 蒂莫西•高尔斯
宇宙从一粒尘埃开始,[英]布莱恩·考克斯（Brain Cox）
当自然赋予科技灵感,[法] 玛特·富尼耶
智识分子,万维钢
阿西莫夫最新科学指南（上下册）,朱岚 [等]
斯坦福极简经济学,[美] 蒂莫西‧泰勒
了不起的地下工作者,[美]艾米•斯图尔特
性本自然,（加）卡琳·邦达尔  Carin Bondar
什么是科学,吴国盛
人体的故事,蔡晓峰
宇宙的结构,布赖恩•格林 (Brian Greene)
给好奇者的暗黑物理学,[法]罗兰•勒乌克
疯狂的进化,马特·西蒙（Matt Simon）
夜观星空,特伦斯•迪金森
暗淡蓝点,叶式辉
不吃糖的理由：上瘾、疾病与糖的故事,[美]加里·陶布斯（Gary Taubes）
小顾聊绘画·文艺复兴,顾爷
认识电影：全彩插图第12版,后浪
时间的形状,汪洁
阿波罗,[英] 扎克·斯科特
如何给狮子剥皮,[英] 克莱尔·科克-斯塔基
自然纪事,(法) 儒勒·列那尔
文明之光,Just-pub
什么是数学,R•柯朗
太空全书,詹姆斯·特赖菲尔 (James Trefil)
人工智能,李开复
我们只有10%是人类：认识主宰你健康与快乐的90%微生物,[英] 阿兰娜·科伦（Alanna Collen）
网络是怎样连接的,[日]户根勤
物种起源,[英] 达尔文
大英博物馆世界简史（全3册）,余燕
生命简史,[英] 理查德·福提
社会性动物,邢占军
医生的修炼,欧冶
追寻记忆的痕迹,罗跃嘉
世界重启,[英]路易斯·达特内尔
永生的海拉,[美]丽贝卡·思科鲁特(Rebecca Skloot)
小岛经济学,彼得·希夫
魔鬼经济学,[美] 史蒂芬·列维特
常识,[英] 理查德·普拉特
疯狂人类进化史,史钧
逻辑的引擎,第一推动丛书
生命密码,尹烨
费恩曼物理学讲义（第1卷）,Richard P. Feynman
宇宙信息图,[英]斯图亚特·洛维
对赌,(美)安妮·杜克
大问题,[美] 罗伯特·所罗门
思维简史,[美]伦纳德•蒙洛迪诺（Leonard Mlodinow）
万物：文明,[德] 延斯·哈德
大数据时代,[英] 维克托•迈尔•舍恩伯格（Viktor Mayer-Schönberger）
一本有趣又有料的科学书,大象公会
给孩子讲量子力学,李淼
无言的宇宙,[美]达纳·麦肯齐
冒烟的耳朵和尖叫的牙齿,朱机
失控,东西文库
素数之恋,(美)约翰·德比希尔
花朵的秘密生命,[美] 沙曼·阿普特·萝赛
未来简史,[以色列] 尤瓦尔·赫拉利
疯狂咖啡因,[美]默里·卡朋特
如果历史是一群喵,肥志
裸猿,德斯蒙德·莫利斯
语言学的邀请,塞缪尔·早川 Samuel Hayakawa
被狩猎的人类,[美] 唐娜·哈特
我们如何走到今天,史蒂文·约翰逊
重新设计生命,[英]约翰·帕林顿
运动改造大脑,[美] 约翰•瑞迪（John Ratey）
AI极简经济学,阿杰伊·阿格拉沃尔
灭绝与演化,[美]尼尔斯·艾崔奇
穿越平行宇宙,[美]迈克斯•泰格马克 （Max Tegmark）
杂食者的两难,邓子衿
中国少年儿童百科全书（全四册）,林崇德
哲学家们都干了些什么？,林欣浩
迷人的温度,[美] 吉诺•塞格雷
物质的秘密,[法] 埃蒂安•克莱恩
只有医生知道！2,只有医生知道
文明之光 （第三册）,吴军
重口味心理学,重口味心理学
基因组,刘菁
美丽之问,[美]弗兰克·维尔切克（Frank Wilzcek）
无穷的开始,王艳红
汽车是怎样跑起来的,［日］ 御堀直嗣
DK博物大百科,英国DK公司 [编著]
森林的奇妙旅行,[德]彼得·渥雷本
空间简史,[意]托马斯·马卡卡罗
费马大定理,薛密
复杂,陈玲
文明之光（第二册）,Just-pub
世界咖啡地图,詹姆斯·霍夫曼 (James Hoffmann)
时间简史,史蒂芬・霍金
永恒的终结,[美] 艾萨克·阿西莫夫
遗传的革命,[英]内莎.凯里
微积分的历程,李伯民
语言小书,[英]戴维•克里斯特尔
不可思议的物理,晓颖
人类鉴定手册,英国《新科学家》杂志
思考的乐趣,图灵原创
怎样观察一棵树,[美] 南茜·罗斯·胡格（Nancy Ross Hugo）
谷物大脑,（美）戴维•珀尔玛特（David Perlmutter）
科学的历程,吴国盛
治疗的真相,伊莫金·埃文斯 (Imogen Evans)
演化的故事,[美]卡尔·齐默
万物起源,[美]大卫·贝尔科维奇
生物与非生物之间,[日] 福冈伸一
病者生存,邵毓敏
进化心理学(第4版),[美] 戴维·巴斯
致命药瘾,[美]辛西娅·库恩 等
品尝的科学,[美] 约翰·麦奎德（John McQuaid）
世界简史,赫伯特·乔治·威尔斯
美国儿科学会育儿百科,斯蒂文•谢尔弗
咖啡瘾史,[美] 斯图尔德·李·艾伦
文明之光（第四册）,吴军
海错图笔记（贰）,张辰亮
时空的秘密,[荷] 霍弗特•席林（Govert Schilling）
人类找北史,［美］海华沙·布雷（Hiawatha Bray）
基因之河,王直华
Brief Answers to the Big Questions,Stephen Hawking
算法之美,[美]布莱恩·克里斯汀
果壳中的宇宙,史蒂芬·霍金
怪诞脑科学,[美] 盖瑞·马库斯
我们的身体,帕斯卡尔·艾德兰
黑洞之书,[美]史蒂文·古布泽
女士品茶,邱东等
推理的迷宫,李大强
人类酷刑简史,[美] 马克·P.唐纳利
深奥的简洁,马自恒
疯狂实验史,许阳
十万个为什么,空
赤裸裸的统计学,[美]查尔斯·韦兰
人性中的善良天使,[美]斯蒂芬·平克
心智探奇,郝耀伟
天才引导的历程,李繁荣
奇点临近,Ray Kurzweil
唐朝穿越指南,森林鹿
经济学通识,薛兆丰
生命是什么,埃尔温·薛定谔
鸡征服世界,[美]安德鲁·劳勒
知识的错觉,[美] 史蒂文·斯洛曼
基因传（精装版）,[美]悉达多·穆克吉
暗淡蓝点,叶式煇
普通生物学,陈阅增
认知心理学及其启示,约翰•R•安德森
通向实在之路,王文浩
群居的艺术,辉格
耶鲁极简科学史,[英]威廉·拜纳姆
我在故宫修文物,萧寒 主编
羽毛,托尔·汉森
STEM-神奇的家庭科学实验室,(美)本·R．戴维斯
高观点下的初等数学,Felix Klein
数理化通俗演义,梁衡
深海,[美]詹姆斯·内斯特
血液循环,[法]弗朗索瓦·布斯塔尼
深度营养,[美] 凯瑟琳·沙纳汉
谁的骨头？,[法] 亨利·卡普 拉斐尔·马丁 著
当彩色的声音尝起来是甜的,科学松鼠会
有限与无限的游戏,[美]詹姆斯·卡斯
密码故事,朱小蓬
黑洞不是黑的,[英] 史蒂芬·霍金
中国居民膳食指南（2016）,中国营养学会
人人都该懂的法庭科学,[美] 杰伊·西格尔
吃的真相,吃的真相系列
简单微积分,[日] 神永正博
诗意的原子,[美]科特·施塔格
盲眼钟表匠,王道还
机长的一万天,[日]田口美贵夫
健康日历2019,丁香医生
大便书,[日] 寄藤文平
只有男科医生知道,[中]成都下水道
你的第一本保险指南,槽叔
只有医生知道！3,只有医生知道
时间地图,晏可佳
逻辑学导论,[美] 欧文·M·柯匹
救命饮食,T•柯林•坎贝尔
基因组,刘菁
星际唱片,世纪文景
基因组,[英]马特·里德利（Matt Ridley）
脑与阅读,[法]斯坦尼斯拉斯·迪昂（Stanislas Dehaene）
枪炮、病菌与钢铁,谢延光
大脑帝国,[挪]卡娅·努尔英恩
流浪地球,刘慈欣
魔鬼数学,[美] 乔丹•艾伦伯格（Jordan Ellenberg）
生命的法则：在塞伦盖蒂草原，看见万物兴衰的奥秘,肖恩•B•卡罗尔(Sean B. Carroll )
巫术植物,[法]利昂内尔·伊尼亚
费曼物理学讲义 第一卷,R. P. 费曼
天生变态狂,[美]詹姆斯·法隆
趣味生活简史,严维明
大脑简史,谢伯让
简单统计学,[美] 加里·史密斯
别逗了，费曼先生,R•P•费曼
女士品茶,[美]戴维·萨尔斯伯格
宇宙从何而来,傅渥成
创造的本源,(美)爱德华·威尔逊
数学女孩,[日]结城浩
驯化,【英】艾丽丝·罗伯茨
表象与本质,[美] 侯世达
苏菲的世界,乔斯坦·贾德
数学思考法,[日]神永正博
我们为什么不说话,[美]坦普尔·葛兰汀（Temple Grandin）
女醫師教你真正愉悅的性愛,宋美玄
进化心理学,熊哲宏
协和人说健康,马超
人类尸体的奇异生活,王祖哲
古今数学思想（一）,张理京
深度学习,[美]特伦斯·谢诺夫斯基（Terrence Sejnowski）
统计学关我什么事,[日]小岛宽之
菌物志,斑斑
你不懂咖啡,石胁智广
啊哈，灵机一动,李建臣
X的奇幻之旅,[美]史蒂夫·斯托加茨
蓝色小药丸,[瑞士] 弗雷德里克·佩特斯
物理学的进化,[德] 艾·爱因斯坦
技术的本质,布莱恩•阿瑟（Brian Arthur）
消失的动物,[英] 埃罗尔·富勒 （Errol Fuller）
千亿个宇宙,[日]村山齐
无中生有的世界,吴京平
皇帝新脑,许明贤
怎样解题,涂泓
尸语者,法医秦明
地球上最伟大的表演,李虎
全球上瘾,[德] 海因里希·爱德华·雅各布
巴甫洛夫的狗,[英] 亚当•哈特-戴维斯
每个人的战争,[法]大卫•塞尔旺-施莱伯
鸟的感官,[英] 蒂姆·伯克黑德
老科技的全球史,[英]大卫·艾杰顿
枪炮、病菌与钢铁,谢延光
免疫,【美】尤拉·比斯
羚羊与蜜蜂：众生的演化奇景,陶雨晴
量子物理史話,曹天元
图说区块链,徐明星
众神的战车,(瑞士)丹尼肯
Christien Meindertsma PIG 05049,Christien Meindertsma
疯狂的罗素,阿波斯托洛斯·佐克西亚季斯
当良知沉睡：辨认身边的反社会人格者,吴大海
赶往火星,罗伯特·祖布林 (Robert Zubrin)
一课经济学,蒲定东
妇产科男医生告诉你,田吉顺
写小说最重要的十件事,[美] 厄休拉·勒古恩
我们人类的基因,[英)] 亚当·卢瑟福
吃土,[美]乔希•阿克斯（ Josh Axe）
鸟有膝盖吗,[英]斯蒂芬·莫斯（Stephen Moss）
浪潮之巅（第三版）（上下册）,Just-pub
太空之眼,（美）大卫·德沃金
大历史,[美] 大卫·克里斯蒂安（David Christian）
科舟求健,方舟子
写给大家看的设计书（第4版）,苏金国
统计学的世界,郑惟厚
柔软的宇宙,吴京平
那些让你更聪明的科学新概念,[美] 约翰·布罗克曼
万物起源,[英]《新科学家》杂志
理性乐观派,闾佳
数字起源,[美]凯莱布·埃弗里特
特工训练手册,[美] 克林特·埃默森
薛定谔的猫,[英] 亚当·哈特-戴维斯
小灵通漫游未来,叶永烈
元素的盛宴,[美] 山姆·基恩
数学：确定性的丧失,李宏魁
超自然变形动物图鉴,［法］让-巴普蒂斯特·德·帕纳菲厄 文
超人类革命,[法] 吕克·费希
八卦医学史：不生病，历史也会不一样,烧伤超人阿宝（宁方刚）
海滩上的爱因斯坦,理想国
Astrophysics for People in a Hurry,Neil deGrasse Tyson
解码宇宙,(美) 塞费
你干吗在乎别人怎么想？,李沉简
通信之道——从微积分到5G,杨学志 编著
未来地图,[美]蒂姆·奥莱利
DK伟大的世界地图,英国DK公司
生活图鉴,[日] 越智登代子
上帝的错觉,[英]理查德·道金斯
The Science of Interstellar,Kip Thorne
《三体》中的物理学,科幻世界
宇宙奇趣全集,张密
默克家庭医学手册,胡大一
演化,[法]让-巴普蒂斯特·德·帕纳菲厄
火星救援,陈灼
DK宇宙大百科,马丁·里斯
下一站 火星：马斯克、贝佐斯和太空争夺战,[美] 克里斯蒂安·达文波特
顾中一说：我们到底应该怎么吃？,顾中一
艺术的故事,[英]E.H.贡布里希
冀连梅谈：中国人应该这样用药,冀连梅
意识探秘,(美) 科赫
素数之恋,(美)约翰·德比希尔
是我孩子也把你弄哭了吗？,（美）布鲁克·巴克
饥饿帝国,(英)莉齐·克林汉姆
记忆的常识,[日] 柿木隆介
地图（人文版）,(波兰)亚历山德拉·米热林斯卡
企鹅与其他海鸟,[英]马特·休厄尔
希利尔讲世界史,陈继华
哇，历史原来可以这样学1,林欣浩
哇，历史原来可以这样学2,哇，历史原来可以这样学
宇宙的最后三分钟,傅承启
13次时空穿梭之旅,[英] 科林·斯图尔特
第一推动丛书·25周年纪念版 （49本合集）,[英]史蒂芬·霍金，[美]布莱恩·格林 等
通俗天文学,西蒙•纽康 (Simon Newcomb)
科技之巅,麻省理工科技评论
心理学百科,英国DK出版社
是我把你弄哭了吗？,[美] 布鲁克·巴克
性别战争,杜然
宇宙的琴弦,[美]B.格林
人工智能的未来,Jeff Hawkins
宇宙的最后三分钟,科学大师佳作系列
盗火,[美]史蒂芬·科特勒
数学桥,斯蒂芬·弗莱彻·休森
清朝穿越指南,橘玄雅
认知心理学（第三版）（万千心理）,E. Bruce Goldstein
给孩子讲宇宙,李淼
认知神经科学,Michael S. Gazzaniga
女性健康私密书,[日]赤枝恒雄
神秘的量子生命,吉姆•艾尔·哈利利
丈量世界,新经典：丹尼尔·凯曼作品
东南亚水果猎人,杨晓洋
编码的奥秘,伍卫国
与“众”不同的心理学,范照
编码,查尔斯•佩措尔德 (Charles Petzold)
超空间,[美]加来道雄
普林斯顿微积分读本,班纳
大众天文学,李 珩
通灵芯片,Daniel Hillis
数学的发现,刘景麟
极简人类史,王睿
星际航行概论,钱学森
数文明,涂子沛
极简算法史：从数学到机器的故事,[法] 吕克•德•布拉班迪尔
记忆宫殿,宁梓亦
乳房,[美] 弗洛伦斯·威廉姆斯
我们为什么要去火星？,[美]斯蒂芬•彼得拉内克（Stephen Petranek）
永生的海拉,丽贝卡·思科鲁特
亲密行为,何道宽
把这瓶开了!一看就懂的葡萄酒品鉴、配餐、选购指南（美亚排名第一的畅销红酒书Wine Folly,玛德琳·帕克特
极简科学史,[美] 苏珊•鲍尔（Susan Wise Bauer）
数学的语言,齐斯•德福林 (Keith Devlin)
白板,袁冬华
宇宙简史,赵君亮
走进奇妙的元素周期表,（日）吉田隆嘉
我的第一本地理启蒙书,郑利强 著
我们为什么会发胖？,[美]盖里·陶比斯
度量,［美］保罗·洛克哈特（Paul Lockhart）
脑中魅影,[美] V. S. 拉马钱德兰
暗时间,刘未鹏
科学成就健康,方舟子
腾讯传,蓝狮子
暗物质与恐龙,[美] 丽莎·兰道尔
终极算法,[美] 佩德罗·多明戈斯
救护车到来前，你能做什么？,贾大成
人工智能基础,汤晓鸥
重塑大脑，重塑人生,：（美）诺曼•道伊奇（Norman Doidge）
统计数据会说谎,达莱尔•哈夫
从一到无穷大,暴永宁
量子理论,[英国] 约翰•波尔金霍恩
爱与数学,胡小锐
几何原本,(古希腊)欧几里得
死亡的脸,[美]舍温·努兰（Sherwin Nuland）
王者归来,[英] 海伦·皮尔彻
狭义与广义相对论浅说,杨润殷
象与骑象人,湛庐文化
植物的欲望,王毅
怀孕圣经（最终定本）,李振华
中国居民膳食指南,中国营养学会
医学的真相,潘斓兮
创世纪的第八天,李晓丹
味的世界史,(日)宫崎正胜
医生最想让你做的事,约翰•瑞迪(John J. Ratey)
植物学家的锅略大于银河系,史军
盲眼钟表匠：生命自然选择的秘密,王道还
给孩子讲相对论,李淼
西方科学的起源,戴维·林德伯格
世界是数字的,李松峰
熵：一种新的世界观,(美)杰里米·里夫金
明年更年轻,[美] 克里斯·克劳利
A Short History of Nearly Everything,BillBryson
细胞生命的礼赞,李绍明
强力与弱力,[日] 大栗博司
神奇校车 桥梁书版,乔安娜柯尔　著
DNA：生命的秘密,詹姆斯·沃森（James D. Watson）
大地的窗口,[英]珍·古道尔
漫步到宇宙尽头,李然
思想本质,张旭红
时间之书,磨铁·铁葫芦
种子的胜利,[美] 索尔·汉森（Thor Hanson）
怪诞心理学,路本福
不列颠百科全书（全20卷）,中国大百科全书出版社《不列颠百科全书》国际中文版编辑部 编译
薛定谔生命物理学讲义,[奥]埃尔温·薛定谔（Erwin Schrdinger）
悖论,吉姆·艾尔-哈利利 (Jim Al-Khalili)
施瓦辛格健身全书,万义兵
魔丸的诞生,[美] 乔纳森·艾格
默克家庭诊疗手册,比尔斯
较量：乐观的经济学与悲观的生态学,(美)保罗•萨宾
法醫科學研究室,道格拉斯.萊爾
厨艺的常识,[美] 迈克尔·鲁尔曼 著
法醫．屍體．解剖室：犯罪搜查216問,D. P.萊爾
贪婪的大脑,【英】丹尼尔·博尔
一面多彩的镜子,启真馆
Behave,Robert M. Sapolsky
俯瞰地球,[美] 本杰明·格兰特
营养圣经,范志红
上帝笑了99次,[英]彼得·凯弗（Peter Cave）
津巴多普通心理学,[美] 菲利普·津巴多
阿加莎的毒药,凯瑟琳·哈卡帕
生物学之书,[美] 迈克尔• C. 杰拉尔德
演化,世纪文景
地球上最伟大的表演,李虎
双螺旋,[美] J. D. 沃森
地球上的性,[英]朱尔斯·霍华德
简明大历史,[英] 伊恩·克夫顿
进化的大脑,沈颖 等
推理的迷宫,李大强
魔鬼出没的世界,李大光
一平米健身：硬派健身,斌卡
你不懂葡萄酒,[日]石田 博
医生的精进,李璐
元素的盛宴,[美] 山姆·基恩
超弦理论,（日）大栗博司
植物学家的筷子和银针,史军
人体信息图,史蒂夫·帕克 (Steve Parker)
心理学与生活（第19版）,理查德·格里格 (Richard J.Gerrig)
陈志武金融通识课,陈志武
物理学的概念与文化素养,[美] Art Hobson
猫头鹰探长,伊雁声
头发,[美] 库尔特·斯坦恩
暗网,杰米·巴特利特
杂草记,[日] 柳宗民
认知天性,[美] Peter C. Brown
食品真相大揭秘,李波
地图中的历史,[英] 约翰·O.E.克拉克
动物武器,[美]道格拉斯·埃姆伦
看得见的文明史（套装共12册）,[英] 理查·亨布尔 等
给孩子讲时间简史,李淼
The Order of Time,Carlo Rovelli
认识活体筋膜,[法] 让-克劳德·甘博图
Lehninger生物化学原理（第3版）,David L.Nelson
颜色的故事,姚芸竹
太阳全书,[美]李昂·戈拉伯（Leon Golub）
黑暗的左手,读客
水知道答案,[日]猿渡静子
猿猴家书,张鹏
陈阅增普通生物学（第4版）,吴相钰
The Gene,Siddhartha Mukherjee
科学10×10,【英】丽莎·简·吉莱斯皮  著
炼金术的秘密,劳伦斯•普林西比
名画在左，科学在右,林凤生
好奇树：自然世界,[英]阿曼达·伍德
机械宇宙,[美] 爱德华·多尼克 (Edward Dolnick)
Sapiens,Yuval Noah Harari
从一到无穷大,[美] G.伽莫夫
时光本草2019,浥轻尘
社会学入门,林聚任
科技想要什么,熊祥
可畏的对称,张礼
人类动物园,何道宽
第一推动丛书（珍藏版套书）,第一推动丛书（珍藏版）
这就是OKR,【美】约翰·杜尔（John  Doerr）
美国儿科学会育儿百科（第6版）,斯蒂文·谢尔弗
视觉之旅,西奥多•格雷 (Theodore Gray)
生命的未来,[美] 爱德华 · 威尔逊
上帝与新物理学,徐培
脑的阅读,（法）迪昂
你不可不知的法律常识,张志强
枪与玫瑰的使用方法,果壳Guokr·com
最后的熊猫,〔美〕乔治•夏勒 著
当成语遇到科学,史军
我们的后人类未来,理想国
阿司匹林传奇,(英) 杰弗里斯
宇宙,周秋麟
中国常见植物野外识别手册（北京册）,刘冰
改变心理学的40项研究（第7版）,[美] 罗杰·R·霍克
深呼吸：菠萝解密肺癌,李治中（菠萝）
21 Lessons for the 21st Century,Yuval Noah Harari
天真的人类学家,理想国
大流感,约翰·M·巴里
我们迷人的鸟：猫头鹰,[英]马特·休厄尔
概率的烦恼,Han Christin von beayer
杂草的故事,陈曦
牛奶可乐经济学,湛庐文化
逻辑新引・怎样判别是非,殷海光作品系列
世界观,理查德·德威特 (Richard DeWitt)
人类的演化,[英] 罗宾•邓巴
自下而上,闾佳
时间简史(普及版),吴忠超
我的大脑敞开了,[美] 布鲁斯·谢克特
万物的奇妙亲缘,[美]A.J.雅各布斯
进化思维,（荷）布斯克斯　Chris Buskes
国家的常识,后浪
科瓦奇讲植物、动物、天文与地理,（英）科瓦奇 著
洗冤集录译注,[南宋]宋慈（撰）
国家地理火星零距离,马克•考夫曼 (Marc Kaufman)
八堂极简科学课,本•米勒 (Ben Miller)
醉汉的脚步,列纳德·蒙洛迪诺
别闹了，费曼先生,吴程远
统计学的世界,[美] 戴维·穆尔
星空图鉴,[法]埃马纽埃尔·博杜安
只有医生知道（精华本）,只有医生知道
我们花园里的鸟,[英]马特·休厄尔
魔鬼经济学2,Steven D. Levitt
重返人类演化现场,[美]奇普·沃尔特
一个数学家的辩白,王希勇
猫咪家庭医学大百科,林政毅
进化的大脑,沈颖 等
枪炮、病菌与钢铁,谢延光
平面国,朱荣华
伟大创意的诞生,盛杨燕
黑洞与时间弯曲,基普.S.索恩
我看见的你就是我自己,[意] 贾科莫·里佐拉蒂
数学之书,克利福德·皮寇弗
科学发现的逻辑,查汝强
文明之光（全四册精华本）,吴军
视觉之旅 化学世界的分子奥秘,西奥多·格雷 [著]
又见猛犸象,[美]本·麦兹里奇
明亮的泥土,[英] 菲利普·鲍尔
不确定世界的理性选择,雷德·海斯蒂 (Reid Hastie)
解码宇宙,[美]查尔斯﹒赛费
天文学入门,〔德〕魏纳•E.策尔尼克
科学之魂,[英]戴维·林德利
极客物理学,[美]瑞特·阿莱恩（Rhett Allain）
莎士比亚植物志,[英] 玛格丽特·威尔斯
男性P點高潮,Charlie Glickman
发现的乐趣,[美]理查德·费曼
迷人的数学,[英] 伊凡•莫斯科维奇
看不见的大猩猩,克里斯托弗•查布利斯（Christopher Chabris）   丹尼尔•西蒙斯（Daniel Simons）
铸造《自然》,[美] 梅林达•鲍德温
Algorithms to Live By,Brian Christian
定性与半定量物理学,赵凯华
爱因斯坦传,沃尔特·艾萨克森
塑造世界经济的50项伟大发明,[英] 蒂姆·哈福德
反叛的科学家,启真馆
人有人的用处,[美] 维纳
能量、性、死亡：粒線體與我們的生命,尼克．連恩(Nick Lane)
我们唱歌的鸟,[英]马特·休厄尔
食物与厨艺：奶·蛋·肉·鱼,[美] 哈洛德·马基
食物与厨艺：蔬·果·香料·谷物,[美] 哈洛德·马基
食物与厨艺,哈洛德·马基
哥德尔证明,欧内斯特·内格尔（Ernest Nagel）
你好，这是地球吗？,蒂姆•皮克（Tim Peake）
现代科学简史：从蒸汽机到䴙䴘求偶,[ 英 ] 大卫·奈特（David Knight）
上帝的跳蚤,王哲
我生活的种种模式,赫尔伯特.A.西蒙(美)
王二的经济学故事,郭凯
为什么要相信达尔文,叶盛
真確,Hans Rosling
发现之旅,林洁盈
动物的朋友圈,后浪
数字化生存,（美）Nicholas Negroponte（尼古拉·尼葛洛庞帝）
码农翻身,刘欣
程序是怎样跑起来的,[日] 矢泽久雄
时间之箭,[英] 彼得·柯文尼
无声的证词,法医秦明
宇宙的琴弦,[美] 布赖恩·格林
可怕的对称,荀坤
谁说了算？,[美]迈克尔·S.加扎尼加（Michael S. Gazzaniga）
理解航天,Jerry Jon Sellers
为什么有的人特別招蚊子?,[美]罗布•奈特
物种起源,周建人
不可不知的人体,[英]约翰·范登／著
性,[美]凯莉·威尔奇
它们没大脑，但它们有智能,[意]斯特凡诺·曼库索
硅谷之谜,吴军
万物简史,严维明
穿越计算机的迷雾,李忠
经度,Dava Sobel
亿万年的孤独,汪洁
性史1926,张竞生
认识性学,[美] 威廉·L. 雅博
YOU：身体使用手册,兆彬
海，另一个未知的宇宙,刘永强
情绪的解析,保罗·艾克曼
普林斯顿数学指南（第一卷）,[英] Timothy Gowers
元素的故事,(苏联)依·尼查叶夫
病玫瑰,理查.巴奈特(Richard Barnett)
数：科学的语言,（美）T・丹齐克
控制论,[美] 维纳
宇宙秘密：阿西莫夫谈科学,吴虹桥
黑石头的爱与恨：煤的故事,[美] 巴巴拉• 弗里兹
我们人类的宇宙,[英] 克里斯托弗·波特
穿越计算机的迷雾（第2版）,李忠
数学与生活（修订版）,[日] 远山启
本书书名无法描述本书内容,未读
魔鬼出没的世界,李大光
精子战争,李沛沂
一天中的百万年,[英] 格雷格·詹纳
你是你吃出来的,夏萌
狗的家世,康拉德·洛伦茨
第三种猩猩,王道还
眾神的植物,理查.伊文斯.舒爾茲(Richard Evans Schultes)
用数学的语言看世界,大栗博司 (Hirosi Ooquri)
费曼讲物理,秦克诚
机器人叛乱,吴宝沛
味覺獵人,Barb Stuckey
寂静的春天,许亮
博物学家的神秘动物图鉴,[法] 让-巴普蒂斯特·德·帕纳菲厄 著
人工智能的进化,[加] 赫克托·莱韦斯克
批评中医,中医新世纪大论战
野外鸣虫图鉴,[日] 濑长刚
牛顿的苹果,[美]罗纳德·纳伯斯（Ronald Numbers）
人类砍头小史,[英]弗朗西斯·拉尔森
天体写真,(英) 罗德里·埃文斯
行星全书,[美] 尼尔马拉·纳塔瑞杰
沐猿而冠,汉唐阳光人文图书
飞机的历史,[日] 山本忠敬
科学百科,王晋
死者在说话,威廉姆.R.美普斯
崔玉涛：宝贝健康公开课,崔玉涛
冷浪漫,科学松鼠会
科学究竟是什么,A.F.查尔默斯
从掷骰子到阿尔法狗：趣谈概率,张天蓉
数学简史,蔡天新
大脑使用指南,赵思家
机器之心,胡晓姣
潜意识,赵崧惠
气象学与生活,弗雷德里克·K.鲁特更斯 (Frederick K.Lutgens)
大爆炸简史,王文浩
美国科学·地球科学·一年级,[美] 蒂莫西·库尼 等著
The Selfish Gene,RichardDawkins
一个定理的诞生,[法]塞德里克·维拉尼  著
大师说科学与哲学,海因茨•R.帕格尔斯 (Heinz R.Pagels)
伊甸园之河,王直华 岳韧锋
数学女孩2,丁 灵
世界觀,理察.迪威特(Richard DeWitt)
师从天才,罗伯特·卡尼格尔
无器械健身,马克·劳伦
不可能的物理,合众科学译丛
数学（第一卷）,[俄] A. D. 亚历山大洛夫 等
寻找薛定谔的猫,[英] 约翰·格里宾
布罗卡的脑,张世满
顾中一：我们就该这样吃,顾中一
写在基因里的食谱,加里·保罗·纳卜汉
魔鬼物理学2：迷人又有趣的量子力学,[美] 詹姆斯 • 卡卡里奥斯
乐之本事,焦元溥
小顾聊绘画·贰,小顾聊绘画
逝者证言,秦明
普林斯顿恐龙大图鉴,[美] 格雷戈里·S·保罗
科学哲学,奥卡沙
好奇心杂货铺,汤姆·斯丹迪奇
蚂蚁的故事,[德] 贝尔特·荷尔多布勒
像人类学家一样思考,[美] 约翰·奥莫亨德罗 (John Omohundro)
怪诞行为学,赵德亮
猫头鹰探长②火焰岛的女王,伊雁声
引力波,珍娜·莱文
GEB——一条永恒的金带,乐秀成 编译
DK机械运转的秘密 动物园大逃亡！,大卫·麦考利 (David Macaulay)
科学的历程（修订第4版）,吴国盛
联结：通向未来的文明史,[英] 詹姆斯·伯克
共病时代,[美]芭芭拉·纳特森-霍格威茨
图解物联网,［ 日］ NTT DATA集团
锈蚀,[美] 乔纳森·瓦尔德曼
数理统计学简史,陈希孺
狗的家世,胡小兵
量子之谜,[美] 布鲁斯·罗森布鲁姆
时蔬小话,自然感悟
想透彻,[美] 夸梅·安东尼·阿皮亚
亚当夏娃在拂晓,[美]克里斯托弗•莱恩（Christopher Ryan）
图解密码技术（第3版）,周自恒
胆小别看画 2,[日] 中野京子（Nakano Kyoko）
数学也荒唐,[法] 杰罗姆·科唐索
数学简史,[美]莫里斯·克莱因
第三次浪潮,[美]阿尔文·托夫勒
古典音乐说明书,[日] 饭尾洋一
手術劇場,理查.巴奈特(Richard Barnett)
幸运的宇宙,[澳]杰兰特•刘易斯
宝宝睡眠全书,希瑟•特金   朱莉•賴特
写给全人类的数学魔法书,[日] 永野裕之
形而上学与西方思维,谢文郁
缤纷的生命,[美]爱德华·威尔逊
安迪历险记,诸川汇
功能性化妆品,Zone Dina Draelos MD
未来世界的幸存者,阮一峰
基因中的人类简史,[澳]克里斯廷·肯奈利
数学家的眼光,张景中
鲜花帝国,[美] 艾米•斯图尔特
相对论,经典通读
你的第一本哲学书,新思·思想家
蚂蚁之美,冉浩
宇宙之书,李剑龙
语言本能,洪兰
猿形毕露,[美]弗朗斯·德瓦尔（Frans de Waal）
链接,沈华伟
陶瓷简史,有泉
潮汐,[美] 乔纳森·怀特
The Book of Why,Judea Pearl
经济为什么会崩溃,胡晓姣
思维的发现,迈克尔•刘易斯 (Michael Lewis)
法醫.屍體.解剖室. 3: 重返犯罪現場,葉品岑
了不起的昆虫,（日）丸山宗利
清单人生,果麦文化
世界科学技术通史,麦克莱伦第三
我是谁？,[德]理查德•大卫•普列斯特（Richard David Precht）
生命的未来,[美] J.Craig Venter
笛卡尔的错误,安东尼奥·R.达马西奥
物理学与生活,W. 托马斯.格瑞福斯 (W. Thomas Griffith)
人类的误测,[美] 斯蒂芬•杰伊•古尔德(Stephen Jay Gould)
火星,[法]弗朗西斯•罗卡尔
经济学百科,英国DK出版社
海,[德] 弗兰克·施茨廷
认知尺度,魏坤琳
人体,帕克 (Steve Parker)
生存手册,李斌
如果历史是一群喵·春秋战国篇,肥志
珍爱生命,刘文利 编
海底两万里,[法] 儒勒·凡尔纳
费曼讲演录,王文浩
生物心理学,[美]詹姆斯·卡拉特
折纸设计的秘密 折纸模型中的数学世界,Thomas Hull
心灵的未来,伍义生
地球的主人,[美]伊恩·塔特索尔
云与大气现象,张超
半小时漫画中国史（修订版）,二混子
走神的艺术与科学,[新西兰] 迈克尔·C.科尔巴里斯
岩石与矿物,（英）佩兰特
希利尔讲世界地理,希利尔（V.M.Hillyer）
我们何以成为后人类,[美] N.凯瑟琳·海勒
带我去太空,[美] 罗恩·米勒
"法醫.屍體.解剖室. 2, 謀殺診斷書",道格拉斯.萊爾(Douglas P. Lyle)
隐匿的宇宙,[日]村山齐（Hitoshi Murayama）
科学的极致：漫谈人工智能,集智俱乐部
数学传奇,蔡天新
我的收藏,[日]盛口满
致命元素,毕小青
生物学思想发展的历史,恩斯特·迈尔
这才是最好的数学书（全两册）,[日]笹部贞市郎
生命,[美] 约翰·布罗克曼
图说西方建筑简史,(日) 佐藤达生
DNA：生命的秘密,[美]詹姆斯·沃森  安德鲁·贝瑞
梳毛、八卦及语言的进化,[英] 罗宾·邓巴
时间简史,吴忠超
计算进化史,[法] 吉尔·多维克
啊哈!算法,啊哈磊
假设的世界,[日]竹内薰
理性乐观派,闾佳
费恩曼物理学讲义（第1卷）,R.P.Feynman
创新者,[美] 沃尔特·艾萨克森
梦溪笔谈,张富祥 注释
话/镜,[以] 盖伊·多伊彻
让大脑自由,约翰•梅迪纳
人工智能简史,尼克
人类学+：科学的B面,眠眠
他们应当行走,[美]戴维•M. 奥辛斯基（David M. Oshinsky）
地下水下,[波兰] 亚历山德拉·米热林斯卡
游隼,[英] J.A.贝克
魔鬼物理学1：隐藏在日常生活背后的物理学知识,[美] 詹姆斯 • 卡卡里奥斯
Where the Animals Go,James Cheshire
超级智能,尼克•波斯特洛姆 (Nick Bostrom)
最好的抉择,[ 美]杰尔姆•格罗普曼（Jerome Groopman）
生命之源,尼克‧連恩(Nick Lane)
Hello World,Hannah Fry
蜜蜂,[波兰] 沃依切赫·格拉伊科夫斯基 文
基因社会,以太·亚奈
半小时漫画世界史,陈磊（笔名：二混子）
A Short History of Nearly Everything,BillBryson
大便通,[日]辨野义己
逼近的瘟疫,[美]劳里·加勒特
双脑记,[美] 迈克尔·加扎尼加
改变一切,理想国
知觉之门,庄蝶庵
舌尖上的历史,杨雅婷
费恩曼物理学讲义（第2卷）,Richard P. Feynman
世界简史,[澳]杰弗里·布莱内(Geoffrey Blainey)
计算机：一部历史,[英] 彼得·本特利
到长安去:汉朝简牍故事集,左丘萌 著
决策与判断,[美]斯科特·普劳斯
时间简史,史蒂芬·霍金
园艺植物的拉丁名,[英]洛兰·哈里森( Lorraine Harrison )
Brief Answers to the Big Questions,Stephen Hawking
天真的人类学家,何颖怡
新量子世界,安东尼·帕特里克·沃尔特斯
西尔斯亲密育儿百科,[美] 威廉·西尔斯
KK三部曲,张行舟
The Psychology Book,Nigel Benson
鲸背月色,[美] 戴安娜·阿克曼
Origin Story,David Christian
为什么E=mc2,布莱恩·阔克斯
哈尔罗杰历险记(全套共14册),WillardPrice
斯坦福高效睡眠法,西野精致
太空美术简史,(美)罗恩·米勒
神经外科的黑色喜剧,吴程远
人格心理学,Jerry M. Burger
人类“吸猫”小史,[英] 艾比盖尔·塔克
惊人的假说,（英）弗朗西斯·克里克
图解密码技术,周自恒
神祇、陵墓与学者,(德) 策拉姆
Powerful Sleep,Kacper M. Postawski
网络,[意] 圭多·卡尔达雷利
海蒂怀孕大百科,海蒂·麦考夫 莎伦·梅泽尔
人类的终极命运,(英) 乔治·扎卡达基斯
托马斯微积分,芬尼
知中·中国茶的基本,罗威尔 主编
铁道之旅,[德]沃尔夫冈•希弗尔布施（Wolfgang Schivelbusch）
初识传播学（插图第7版）,[美]埃姆·格里芬（Em Griffin)
哲学 科学 常识,陈嘉映
数学与猜想（第一卷）,李心灿
思维,(美)约翰•布罗克曼
真实世界的脉络,梁焰
天文之书,[美] Jim Bell
法律常识全知道,春之霖
生活中的心理学-牛津通识读本,[英] 吉莉恩•巴特勒 弗雷达•麦克马纳斯
我们为什么要合作,迈克尔·托马塞洛 (Michael Tomasello)
莎士比亚、牛顿和贝多芬,第一推动丛书
种子的故事,[英]乔纳森•西尔弗顿
边缘奇迹,于渌
科学革命,[美国] 劳伦斯•普林西比
平面几何中的小花,单墫
流浪地球,刘慈欣
《给孩子讲中国地理》（全14册）,张百平
疯狂人体进化史,史钧
隐秩序,约翰 H. 霍兰
认知迭代,【英】卡罗琳•威廉姆斯 著
一個數學家的嘆息,保羅·拉克哈特
树的秘密生命,[德国] 彼得·渥雷本 Peter Wohlleben
爱因斯坦的玩具：探寻宇宙和引力的秘密,张礼
人类的荣耀,[美] 迈克尔·加扎尼加（Michael S. Gazzaniga
意志力,[美] 罗伊·鲍迈斯特
亿亿万万,[美]卡尔·萨根
性别战争,杜然
连接组：造就独一无二的你,[美] 承现峻
大脑与文化（精装本）,[美］布鲁斯·E. 韦克斯勒（ Bruce E. Wexler）著
理性之谜,(法) 雨果·梅西耶
生活中的经济学,茅于轼
陶哲轩教你学数学,[澳] 陶哲轩
地球与太空：美国宇航局珍贵摄影集,尼尔马拉·纳塔瑞杰
小鸡鸡的故事,(日)山本直英 文
乳房的故事,(日)土屋麻由美 文
记忆-牛津通识读本,[澳大利亚] 乔纳森•福斯特
科学革命的结构,[美]托马斯·库恩
知识大融通,[美] 爱德华·威尔逊
什么是数学：对思想和方法的基本研究（第四版）,R·柯朗；H·罗宾；I·斯图尔特等
普林斯顿数学指南（第二卷）,[英] Timothy Gowers
宇航员地球生活指南,【加】克里斯·哈德菲尔德
虚数的故事,（美）纳欣
卑微的套套,姜玢
肥志百科,肥志
日用器具进化史,[美] 亨利·波卓斯基
勾勒姆医生,[英] 哈里·柯林斯
奇妙的尘埃,[美] 汉娜·霍姆斯
撼动世界史的思想家格斗,[日]茂木诚
地球的法则,叶富华
细菌小不点儿人体历险记,[德] 西比勒·莫特尔·林克 文
大英博物馆世界简史（精装典藏版）,余燕
温度，决定一切,沙格瑞 (Gino Segre)
